{
  "project_info": {
    "project_number": "1018267184250",
    "firebase_url": "https://hqms-6d488.firebaseio.com",
    "project_id": "hqms-6d488",
    "storage_bucket": "hqms-6d488.appspot.com"
  },
  "client": [
    {
      "client_info": {
        "mobilesdk_app_id": "1:1018267184250:android:57fe7d56e1b04f4f",
        "android_client_info": {
          "package_name": "com.jeplin.hackathonqm"
        }
      },
      "oauth_client": [
        {
          "client_id": "1018267184250-m6g5sbadtf4g523ar1s5rcrq332nq00e.apps.googleusercontent.com",
          "client_type": 3
        }
      ],
      "api_key": [
        {
          "current_key": "AIzaSyAZRjV8W9pdFBqdMiKJwK7erOtGi9LF7LY"
        }
      ],
      "services": {
        "analytics_service": {
          "status": 1
        },
        "appinvite_service": {
          "status": 1,
          "other_platform_oauth_client": []
        },
        "ads_service": {
          "status": 2
        }
      }
    }
  ],
  "configuration_version": "1"
}